year,format,otrasl,value_outin,merge_index
2012,Трансграничная(out-in),IT,125.927,2012IT
2012,Трансграничная(out-in),ДОБЫЧА,1016.1083,2012ДОБЫЧА
2012,Трансграничная(out-in),ЛЕСНАЯ,633.6565200000001,2012ЛЕСНАЯ
2012,Трансграничная(out-in),МАШИНОСТРОЕНИЕ,1732.9293799999996,2012МАШИНОСТРОЕНИЕ
2012,Трансграничная(out-in),МЕТАЛЛУРГИЯ,870.8945100000002,2012МЕТАЛЛУРГИЯ
2012,Трансграничная(out-in),НЕФТЕХИМ,1357.31624,2012НЕФТЕХИМ
2012,Трансграничная(out-in),ПИЩЕВАЯ,7213.840109999999,2012ПИЩЕВАЯ
2012,Трансграничная(out-in),Прочие производства,2067.4647,2012Прочие производства
2012,Трансграничная(out-in),СЕЛЬХОЗ,2259.7309199999995,2012СЕЛЬХОЗ
2012,Трансграничная(out-in),СТРОИТЕЛЬСТВО,4269.791829999999,2012СТРОИТЕЛЬСТВО
2012,Трансграничная(out-in),Страхование,745.82294,2012Страхование
2012,Трансграничная(out-in),ТОРГОВЛЯ,3988.28895,2012ТОРГОВЛЯ
2012,Трансграничная(out-in),ТЭК,791.5531785714285,2012ТЭК
2012,Трансграничная(out-in),ТранСПОРТ,3546.513022857143,2012ТранСПОРТ
2012,Трансграничная(out-in),УСЛУГИ,1152.113224,2012УСЛУГИ
2012,Трансграничная(out-in),ФИНАНСОВЫЕ ИНСТИТУТЫ,2206.764,2012ФИНАНСОВЫЕ ИНСТИТУТЫ
2012,Трансграничная(out-in),ЭЛЕКТРОЭНЕРГЕТИКА,2301.0759199999998,2012ЭЛЕКТРОЭНЕРГЕТИКА
2013,Трансграничная(out-in),IT,1149.0668733333334,2013IT
2013,Трансграничная(out-in),ДОБЫЧА,9492.261999999999,2013ДОБЫЧА
2013,Трансграничная(out-in),МАШИНОСТРОЕНИЕ,4120.1495825,2013МАШИНОСТРОЕНИЕ
2013,Трансграничная(out-in),МЕТАЛЛУРГИЯ,5983.093583333333,2013МЕТАЛЛУРГИЯ
2013,Трансграничная(out-in),НЕФТЕХИМ,1227.669685,2013НЕФТЕХИМ
2013,Трансграничная(out-in),ПИЩЕВАЯ,663.6831933333333,2013ПИЩЕВАЯ
2013,Трансграничная(out-in),СВЯЗЬ,358.88775,2013СВЯЗЬ
2013,Трансграничная(out-in),СЕЛЬХОЗ,2253.7970760000007,2013СЕЛЬХОЗ
2013,Трансграничная(out-in),СМИ,234.41925,2013СМИ
2013,Трансграничная(out-in),СТРОИТЕЛЬСТВО,2804.152825,2013СТРОИТЕЛЬСТВО
2013,Трансграничная(out-in),Страхование,4075.755520000001,2013Страхование
2013,Трансграничная(out-in),ТОРГОВЛЯ,5782.4880845454545,2013ТОРГОВЛЯ
2013,Трансграничная(out-in),ТЭК,2494.564825000001,2013ТЭК
2013,Трансграничная(out-in),УСЛУГИ,1145.017,2013УСЛУГИ
2013,Трансграничная(out-in),ФИНАНСОВЫЕ ИНСТИТУТЫ,481.04760999999985,2013ФИНАНСОВЫЕ ИНСТИТУТЫ
2013,Трансграничная(out-in),ЭЛЕКТРОЭНЕРГЕТИКА,1097.9583166666666,2013ЭЛЕКТРОЭНЕРГЕТИКА
2014,Трансграничная(out-in),IT,552.1728,2014IT
2014,Трансграничная(out-in),ДОБЫЧА,708.1347812500002,2014ДОБЫЧА
2014,Трансграничная(out-in),ЛЕСНАЯ,4267.8181125,2014ЛЕСНАЯ
2014,Трансграничная(out-in),МАШИНОСТРОЕНИЕ,4773.827085,2014МАШИНОСТРОЕНИЕ
2014,Трансграничная(out-in),МЕТАЛЛУРГИЯ,41682.40992000001,2014МЕТАЛЛУРГИЯ
2014,Трансграничная(out-in),НЕФТЕХИМ,8557.862009999999,2014НЕФТЕХИМ
2014,Трансграничная(out-in),ПИЩЕВАЯ,2004.20968,2014ПИЩЕВАЯ
2014,Трансграничная(out-in),СВЯЗЬ,49670.47570000001,2014СВЯЗЬ
2014,Трансграничная(out-in),СЕЛЬХОЗ,152.93803999999997,2014СЕЛЬХОЗ
2014,Трансграничная(out-in),СПОРТ,3704.46967,2014СПОРТ
2014,Трансграничная(out-in),СТРОИТЕЛЬСТВО,2864.582634,2014СТРОИТЕЛЬСТВО
2014,Трансграничная(out-in),ТОРГОВЛЯ,2355.7300355555562,2014ТОРГОВЛЯ
2014,Трансграничная(out-in),ТЭК,17396.647875000002,2014ТЭК
2014,Трансграничная(out-in),ТранСПОРТ,171.51605999999995,2014ТранСПОРТ
2014,Трансграничная(out-in),УСЛУГИ,44.31792,2014УСЛУГИ
2014,Трансграничная(out-in),ФИНАНСОВЫЕ ИНСТИТУТЫ,1309.1209375,2014ФИНАНСОВЫЕ ИНСТИТУТЫ
2015,Трансграничная(out-in),IT,17920.373158000002,2015IT
2015,Трансграничная(out-in),ДОБЫЧА,644.08632,2015ДОБЫЧА
2015,Трансграничная(out-in),ЛЕСНАЯ,649.48108,2015ЛЕСНАЯ
2015,Трансграничная(out-in),МАШИНОСТРОЕНИЕ,1352.96719,2015МАШИНОСТРОЕНИЕ
2015,Трансграничная(out-in),МЕТАЛЛУРГИЯ,3337.51705,2015МЕТАЛЛУРГИЯ
2015,Трансграничная(out-in),НЕФТЕХИМ,1217.4834866666667,2015НЕФТЕХИМ
2015,Трансграничная(out-in),ПИЩЕВАЯ,772.1958766666667,2015ПИЩЕВАЯ
2015,Трансграничная(out-in),СВЯЗЬ,12990.20816,2015СВЯЗЬ
2015,Трансграничная(out-in),СЕЛЬХОЗ,8527.697473999999,2015СЕЛЬХОЗ
2015,Трансграничная(out-in),СТРОИТЕЛЬСТВО,12379.300285714287,2015СТРОИТЕЛЬСТВО
2015,Трансграничная(out-in),Страхование,131.09348500000002,2015Страхование
2015,Трансграничная(out-in),ТОРГОВЛЯ,1378.974028333333,2015ТОРГОВЛЯ
2015,Трансграничная(out-in),ТЭК,36313.86566666667,2015ТЭК
2015,Трансграничная(out-in),ТранСПОРТ,6992.407449999999,2015ТранСПОРТ
2015,Трансграничная(out-in),УСЛУГИ,2370.936638333333,2015УСЛУГИ
2015,Трансграничная(out-in),ФИНАНСОВЫЕ ИНСТИТУТЫ,4822.950516,2015ФИНАНСОВЫЕ ИНСТИТУТЫ
2016,Трансграничная(out-in),IT,7477.534576666668,2016IT
2016,Трансграничная(out-in),ДОБЫЧА,6482.097720000002,2016ДОБЫЧА
2016,Трансграничная(out-in),ЛЕСНАЯ,2824.37613,2016ЛЕСНАЯ
2016,Трансграничная(out-in),МАШИНОСТРОЕНИЕ,878.9422500000002,2016МАШИНОСТРОЕНИЕ
2016,Трансграничная(out-in),МЕТАЛЛУРГИЯ,20048.3088,2016МЕТАЛЛУРГИЯ
2016,Трансграничная(out-in),НЕФТЕХИМ,11269.085055,2016НЕФТЕХИМ
2016,Трансграничная(out-in),ПИЩЕВАЯ,359.2427600000001,2016ПИЩЕВАЯ
2016,Трансграничная(out-in),Прочие производства,660.8249999999998,2016Прочие производства
2016,Трансграничная(out-in),СВЯЗЬ,4579.338473333332,2016СВЯЗЬ
2016,Трансграничная(out-in),СМИ,500.84620250000006,2016СМИ
2016,Трансграничная(out-in),СТРОИТЕЛЬСТВО,2067.445568333333,2016СТРОИТЕЛЬСТВО
2016,Трансграничная(out-in),ТОРГОВЛЯ,7713.614776666667,2016ТОРГОВЛЯ
2016,Трансграничная(out-in),ТЭК,3381.7214700000004,2016ТЭК
2016,Трансграничная(out-in),ТранСПОРТ,754.1922400000001,2016ТранСПОРТ
2016,Трансграничная(out-in),УСЛУГИ,3643.5799025,2016УСЛУГИ
2016,Трансграничная(out-in),ФИНАНСОВЫЕ ИНСТИТУТЫ,4815.541323333334,2016ФИНАНСОВЫЕ ИНСТИТУТЫ
2016,Трансграничная(out-in),ЭЛЕКТРОЭНЕРГЕТИКА,966.0967400000001,2016ЭЛЕКТРОЭНЕРГЕТИКА
2017,Трансграничная(out-in),IT,1342.9568057142858,2017IT
2017,Трансграничная(out-in),ДОБЫЧА,4212.5709,2017ДОБЫЧА
2017,Трансграничная(out-in),ЛЕСНАЯ,2152.2541,2017ЛЕСНАЯ
2017,Трансграничная(out-in),МЕТАЛЛУРГИЯ,879.3660179999998,2017МЕТАЛЛУРГИЯ
2017,Трансграничная(out-in),НЕФТЕХИМ,1724.5462300000002,2017НЕФТЕХИМ
2017,Трансграничная(out-in),ПИЩЕВАЯ,1617.9861219999998,2017ПИЩЕВАЯ
2017,Трансграничная(out-in),Прочие производства,1276.3718,2017Прочие производства
2017,Трансграничная(out-in),СВЯЗЬ,29351.335000000006,2017СВЯЗЬ
2017,Трансграничная(out-in),СТРОИТЕЛЬСТВО,1663.3567915,2017СТРОИТЕЛЬСТВО
2017,Трансграничная(out-in),ТОРГОВЛЯ,1744.6052674999994,2017ТОРГОВЛЯ
2017,Трансграничная(out-in),ТЭК,17529.284626,2017ТЭК
2017,Трансграничная(out-in),ТранСПОРТ,2991.3495000000007,2017ТранСПОРТ
2017,Трансграничная(out-in),УСЛУГИ,902.6740300000001,2017УСЛУГИ
2017,Трансграничная(out-in),ФИНАНСОВЫЕ ИНСТИТУТЫ,1820.4068571428575,2017ФИНАНСОВЫЕ ИНСТИТУТЫ
2017,Трансграничная(out-in),ЭЛЕКТРОЭНЕРГЕТИКА,6249.6217,2017ЭЛЕКТРОЭНЕРГЕТИКА
2018,Трансграничная(out-in),IT,104226.30150000002,2018IT
2018,Трансграничная(out-in),ДОБЫЧА,21978.928596666665,2018ДОБЫЧА
2018,Трансграничная(out-in),ЛЕСНАЯ,4001.0266,2018ЛЕСНАЯ
2018,Трансграничная(out-in),МАШИНОСТРОЕНИЕ,8829.762762499999,2018МАШИНОСТРОЕНИЕ
2018,Трансграничная(out-in),МЕТАЛЛУРГИЯ,3048.7387,2018МЕТАЛЛУРГИЯ
2018,Трансграничная(out-in),ПИЩЕВАЯ,100448.8,2018ПИЩЕВАЯ
2018,Трансграничная(out-in),Прочие производства,265.52019,2018Прочие производства
2018,Трансграничная(out-in),СВЯЗЬ,2458.7392,2018СВЯЗЬ
2018,Трансграничная(out-in),СЕЛЬХОЗ,16019.0685,2018СЕЛЬХОЗ
2018,Трансграничная(out-in),СТРОИТЕЛЬСТВО,2463.449392857143,2018СТРОИТЕЛЬСТВО
2018,Трансграничная(out-in),ТОРГОВЛЯ,5383.691523333334,2018ТОРГОВЛЯ
2018,Трансграничная(out-in),ТЭК,65.74520333333334,2018ТЭК
2018,Трансграничная(out-in),ТранСПОРТ,1161.2088633333333,2018ТранСПОРТ
2018,Трансграничная(out-in),УСЛУГИ,4382.19758,2018УСЛУГИ
2018,Трансграничная(out-in),ФИНАНСОВЫЕ ИНСТИТУТЫ,272.79868,2018ФИНАНСОВЫЕ ИНСТИТУТЫ
